Protein,term,estimate,std.error,statistic,p.value,conf.low,conf.high,Significant,neglog10p
Protein1,Expr_level,-0.08134301828792434,0.2639351802385067,-0.3081931639973807,0.7579353538193063,-0.5948233525967909,0.4435959376938118,FALSE,0.1203678348386996
Protein2,Expr_level,0.20052893631720764,0.1628490649223959,1.2313791080886323,0.21818110702371185,-0.1151676390564996,0.5254299925030274,FALSE,0.6611828590207822
Protein3,Expr_level,0.10850908144828787,0.24163660779199975,0.4490589502965223,0.6533891317512559,-0.3750576036868371,0.5762606545969683,FALSE,0.18482809370464767
Protein4,Expr_level,0.3795504265024422,0.24180458963497106,1.5696576606565353,0.11649477623816396,-0.08440583579503877,0.8662690741621222,FALSE,0.9336935484731888
